Timestamp,Email Address,"How much of ""How The Trolls are Ruining The Internet"" did you read?","How useful and interesting was ""How The Trolls are Ruining The Internet"" to you?","How much of ""The History of Twitter's Rules"" did you read?","How useful and interesting was ""The History of Twitter's Rules"" to you?",How much of the Chancellor Dirk's message about Milo did you read? ,"How much of the optional reading (""This is the site redditors are migrating to..."") did you read? ",How useful and interesting was the optional reading? 
1/28/2017 14:17:51,nehagodbole@berkeley.edu,5,4,4,3,5,I skimmed it,3
1/28/2017 14:43:47,bkevch@berkeley.edu,5,5,5,4,5,All,5
1/28/2017 15:01:25,cjveys@berkeley.edu,5,4,5,2,5,all of it,4
1/28/2017 15:24:29,ldang@berkeley.edu,3,4,4,4,4,Not much. ,3
1/28/2017 16:55:56,logan@berkeley.edu,5,3,5,2,5,all,3
1/28/2017 17:01:32,smgirkar@berkeley.edu,0,1,0,0,0,"None, sorry :( ",N/A
1/28/2017 17:33:17,hahe@berkeley.edu,5,4,5,3,5,N/A,N/A
1/28/2017 18:41:24,barchen@berkeley.edu,5,3,4,2,5,,N/A
1/28/2017 19:35:06,nick.bajaj@berkeley.edu,5,5,5,5,5,none,N/A
1/28/2017 19:56:21,ruvan@berkeley.edu,4,4,5,5,4,None,N/A
1/28/2017 19:58:56,andycui97@berkeley.edu,5,4,5,5,4,None,N/A
1/28/2017 21:02:53,garyliangge@berkeley.edu,5,4,1,2,3,All of it,4
1/28/2017 21:19:30,victoria.p.chu@berkeley.edu,4,3,4,2,5,5,2
1/28/2017 21:58:27,tobinsarah@berkeley.edu,4,2,5,4,3,"scanned all of it, read some of it thoroughly",3
1/28/2017 22:05:27,naseranika@berkeley.edu,5,5,5,5,5,I didn't read it yet.,N/A
1/28/2017 22:21:04,thomaszhang@berkeley.edu,4,3,4,4,5,I skimmed it. ,2
1/28/2017 22:30:17,tavorb@berkeley.edu,3,2,5,4,5,,N/A
1/28/2017 22:37:30,peterwg@berkeley.edu,4,3,4,4,3,80%,1
1/29/2017 0:01:55,echou35@berkeley.edu,4,4,2,1,5,Most of it,1
1/29/2017 2:08:27,jkgurung@berkeley.edu,1,1,2,1,4,,3
1/29/2017 2:56:24,bliu67@berkeley.edu,4,5,3,5,4,,N/A
1/29/2017 3:06:51,xiomarag@berkeley.edu,5,5,5,3,5,5/5,3
1/29/2017 11:03:47,yhan@berkeley.edu,5,4,5,3,4,Almost all of them,4
1/29/2017 11:50:01,tonyliupan@berkeley.edu,5,4,5,3,5,None,N/A
1/29/2017 11:57:22,ian.rodney@berkeley.edu,5,4,5,4,5,3/4 (skimmed the rest),1
1/29/2017 12:54:17,irenedea@berkeley.edu,0,0,0,0,0,None,0
1/29/2017 12:57:53,ohsu2019@berkeley.edu,5,4,5,2,5,All of it,2
1/29/2017 13:02:13,ang616@berkeley.edu,5,4,5,2,5,,N/A
1/29/2017 13:24:27,sd181879@berkeley.edu,2,4,5,5,2,none,N/A
1/29/2017 13:24:39,hongjun1202@berkeley.edu,5,3,5,4,5,didn't read,4
1/29/2017 13:34:46,peiyong.sim@berkeley.edu,4,4,5,3,5,None,N/A
1/29/2017 13:58:12,osamaahmed@berkeley.edu,4,4,3,3,5,Didnt read it ,N/A
1/29/2017 14:31:53,leonk7@berkeley.edu,0,,0,,4,About half,3
1/29/2017 14:32:20,lauren_martini@berkeley.edu,5,5,5,4,5,All of it,4
1/29/2017 14:40:40,ben_murphy@berkeley.edu,5,4,3,4,2,None,N/A
1/29/2017 15:35:04,jasonhuynh73@berkeley.edu,5,4,5,4,5,All of it,4
1/29/2017 15:36:17,cegarraa@berkeley.edu,5,4,5,3,0,None,
1/29/2017 15:50:04,dap92@berkeley.edu,5,3,5,4,5,All,3
1/29/2017 15:59:12,evan.lohn@berkeley.edu,5,5,5,3,5,none,N/A
1/29/2017 16:24:00,gregjunek@berkeley.edu,2,2,2,2,2,NONE,0
1/29/2017 16:32:06,kevinliu743@berkeley.edu,3,4,2,2,5,skimmed really quickly,3
1/29/2017 16:32:08,dharrison@berkeley.edu,0,0,0,0,2,None,N/A
1/29/2017 16:33:30,bgunel@berkeley.edu,4,3,4,5,5,I haven't read the optional reading.,N/A
1/29/2017 16:34:10,carisa_linettejaimes@berkeley.edu,5,4,5,1,5,I skimmed the whole reading.,2
1/29/2017 16:37:58,c.lee0504@berkeley.edu,3,3,5,5,4,not that much,2
1/29/2017 16:46:17,abugni@berkeley.edu,4,2,5,4,5,5,3
1/29/2017 16:49:48,sjamil@berkeley.edu,5,4,5,3,5,I read the whole thing.,2
1/29/2017 16:58:33,calvinyu@berkeley.edu,3,3,3,3,3,,3
1/29/2017 16:59:56,harrisonyang@berkeley.edu,5,2,5,3,5,None,N/A
1/29/2017 17:04:04,juanmrq95@berkeley.edu,4,4,3,3,5,Half,3
1/29/2017 17:04:35,rdongallo@berkeley.edu,5,3,5,4,5,All of it,2
1/29/2017 17:17:40,genelo33@berkeley.edu,5,4,2,1,1,None,N/A
1/29/2017 17:46:14,avekan33@berkeley.edu,5,4,5,3,5,All of it,3
1/29/2017 17:51:10,kantneel@berkeley.edu,4,2,5,4,5,none,N/A
1/29/2017 18:03:10,amillman@berkeley.edu,5,5,3,2,5,Read all of it but mostly skimmed,3
1/29/2017 18:13:44,virajmahesh@berkeley.edu,5,5,5,5,5,,
1/29/2017 18:19:06,so412360@berkeley.edu,5,4,3,4,4,About 1/3,3
1/29/2017 18:21:52,clementng@berkeley.edu,1,3,1,2,0,none,0
1/29/2017 18:27:16,tvural@berkeley.edu,3,4,2,3,5,3,3
1/29/2017 18:28:34,arvinng@berkeley.edu,5,4,5,4,5,None,N/A
1/29/2017 18:49:30,grace.h.chit@berkeley.edu,5,3,5,1,5,None,N/A
1/29/2017 18:53:27,young.guo@berkeley.edu,5,3,5,4,5,None,N/A
1/29/2017 19:00:08,afmdnf@berkeley.edu,4,3,3,2,4,,
1/29/2017 19:08:22,rpandya922@berkeley.edu,5,4,5,3,5,All,3
1/29/2017 19:12:09,colin.de.vrieze@berkeley.edu,5,4,5,1,5,all,3
1/29/2017 19:13:58,prankum2100@berkeley.edu,4,2,4,4,1,I didn't.,N/A
1/29/2017 19:15:17,jlevin@berkeley.edu,5,3,5,3,5,Most of it,3
1/29/2017 19:15:38,zxl-12@berkeley.edu,1,1,1,1,1,Not much,1
1/29/2017 19:24:19,rkedia@berkeley.edu,5,5,5,2,5,I did not read much of the optional reading.,N/A
1/29/2017 19:25:40,rkedia@berkeley.edu,5,5,5,2,5,I did not read much of the optional reading.,N/A
1/29/2017 19:27:56,jonfung@berkeley.edu,5,4,4,3,5,all,5
1/29/2017 19:50:39,crramirez@berkeley.edu,5,5,5,3,5,,N/A
1/29/2017 19:51:31,tyen10@berkeley.edu,5,4,3,3,5,None,4
1/29/2017 20:14:55,zjipsen@berkeley.edu,5,5,5,3,5,All,4
1/29/2017 20:22:51,khanhdang1012@berkeley.edu,4,4,3,4,3,I read about half of the article,4
1/29/2017 20:33:06,wolfgangcstrack@berkeley.edu,5,4,5,4,5,All of it.,4
1/29/2017 20:48:58,cynthiashi@berkeley.edu,3,1,3,2,3,quite a bit of it? i'm familiar with voat and the whole debacle as i'm a fairly active redditor so most of the material was not new to me.,3
1/29/2017 20:50:10,kaurb@berkeley.edu,5,4,5,4,4,did not read yet. ,N/A
1/29/2017 20:54:35,dpgrubb@berkeley.edu,4,5,4,4,5,,N/A
1/29/2017 21:00:27,meghnamandava@berkeley.edu,5,4,5,4,5,None,N/A
1/29/2017 21:03:44,vtolani@berkeley.edu,3,4,3,3,5,skimmed the whole thing,3
1/29/2017 21:41:21,sahilhasan@berkeley.edu,4,3,4,5,5,None :/,N/A
1/29/2017 21:42:15,divyap@berkeley.edu,5,4,5,4,5,Most,3
1/29/2017 21:50:56,cscheele@berkeley.edu,0,,0,,0,,
1/29/2017 21:51:33,jenliu1300@berkeley.edu,4,4,5,4,3,,N/A
1/29/2017 21:53:29,vio@berkeley.edu,5,4,4,3,3,Most of it. It was pretty interesting.,4
1/29/2017 22:07:43,sahinera@berkeley.edu,5,4,5,5,5,5,3
1/29/2017 22:18:33,nwerblun@berkeley.edu,5,3,5,3,5,All,3
1/29/2017 22:20:09,rishiv@berkeley.edu,3,4,1,3,1,All,4
1/29/2017 22:21:54,sarahabdeshahian@berkeley.edu,5,4,5,5,5,All ,3
1/29/2017 23:15:10,saavan@berkeley.edu,4,4,5,2,5,Didn't get a chance to read,N/A
1/29/2017 23:16:01,yj1877@berkeley.edu,5,4,5,3,5,,
1/29/2017 23:24:32,andrew.p.k.chan@berkeley.edu,5,3,5,2,5,All of it,3
1/29/2017 23:35:23,patrick.kapsch@berkeley.edu,4,3,2,4,4,none,N/A
1/29/2017 23:52:13,sdoerm@berkeley.edu,5,3,3,3,5,Most of it. ,4
1/30/2017 0:21:43,kevintxwu@berkeley.edu,3,3,3,3,3,None,N/A
1/30/2017 0:30:52,luisyataco@berkeley.edu,3,3,3,3,5,N/A,N/A
1/30/2017 0:31:08,angryan@berkeley.edu,3,2,4,4,3,"None, I didn't have time",3
1/30/2017 0:55:52,darrenlee@berkeley.edu,3,3,3,3,3,a little,2
1/30/2017 1:19:02,casorkhabi@berkeley.edu,5,2,5,3,5,5,3
1/30/2017 1:38:13,hersh@berkeley.edu,5,4,4,3,5,none,N/A
1/30/2017 3:07:54,justinlu@berkeley.edu,5,5,5,3,3,,N/A
1/30/2017 3:58:50,ericfzhou@berkeley.edu,5,2,4,1,5,None,N/A
1/30/2017 7:04:39,robertmao97@berkeley.edu,5,3,5,3,5,All of it. ,4
1/30/2017 8:09:25,tberhanu@berkeley.edu,2,2,1,1,2,,
1/30/2017 8:12:40,jjhong922@berkeley.edu,3,4,3,4,3,None,N/A
1/30/2017 8:30:48,yi@berkeley.edu,5,4,3,3,3,Skimmed the reading,3
1/30/2017 8:41:19,mcpalmer@berkeley.edu,5,5,5,,5,The entire reading ,N/A
1/30/2017 8:55:55,hahe@berkeley.edu,5,4,3,4,5,N/A,N/A
1/30/2017 9:01:36,arjun.gill@berkeley.edu,5,5,5,3,5,About half.,4
1/30/2017 9:37:22,nraga@berkeley.edu,4,2,5,2,5,None,N/A
1/30/2017 9:58:36,g4u55l4w@berkeley.edu,4,3,4,3,3,2,2
1/30/2017 10:14:43,mitchlin@berkeley.edu,4,4,4,4,5,,N/A
1/30/2017 10:24:46,samnguyen1212@berkeley.edu,4,4,3,4,5,I looked over it but did not read in detail.,2
1/30/2017 10:35:07,jiahang_li@berkeley.edu,3,3,4,4,2,Not yet,N/A
1/30/2017 10:45:09,hazheng@berkeley.edu,5,2,4,2,5,Marginally skimmed it ,2
1/30/2017 11:00:52,hao1@berkeley.edu,3,4,4,2,5,I've read it and about Voat before actually,5
1/30/2017 11:01:42,oliverdong@berkeley.edu,3,4,2,2,0,None,N/A
1/30/2017 11:03:33,siddshanmuga26@berkeley.edu,5,5,5,2,5,All of it.,3
1/30/2017 11:06:56,sera4415@berkeley.edu,5,4,4,4,5,N/A,N/A
1/30/2017 11:17:46,jskwon@berkeley.edu,3,3,5,3,3,None,N/A
1/30/2017 11:21:04,jwarnock@berkeley.edu,4,4,3,4,2,"Did not read. I will in the future, but had rugby matches over the weekend that cut into my study time.",N/A
1/30/2017 11:28:00,rjoshi@berkeley.edu,5,4,5,5,5,Most of it.,4
1/30/2017 11:47:34,rgoy@berkeley.edu,3,2,3,3,5,Just skimmed,4
1/30/2017 12:03:39,dustin.meinecke@berkeley.edu,5,3,5,4,5,I read the entire article!,4
1/30/2017 12:08:36,einzelganger@berkeley.edu,5,5,5,4,5,Skimmed it,3
1/30/2017 12:11:57,ca.martinez@berkeley.edu,3,3,1,2,4,None,N/A
1/30/2017 12:13:38,kkranen@berkeley.edu,5,4,5,3,5,A little bit.,4
1/30/2017 12:24:03,paulineduprat@berkeley.edu,4,4,5,5,5,None,N/A
1/30/2017 12:26:14,kbai77t@berkeley.edu,5,4,5,3,3,The whole thing,3
1/30/2017 12:35:35,gdeleon@berkeley.edu,5,4,5,4,5,All of it ,4
1/30/2017 12:36:22,cmackin520@berkeley.edu,5,3,5,3,5,All of it,3
1/30/2017 12:38:13,samuel.halim@berkeley.edu,3,5,3,3,2,0,N/A
1/30/2017 12:59:45,j.lu@berkeley.edu,5,4,4,1,5,all of it,3
1/30/2017 13:10:55,a.surumpudi@berkeley.edu,3,2,3,2,3,None,0
1/30/2017 13:18:00,shabaanqureshi11@berkeley.edu,5,4,3,2,5,I read the whole thing. This was probably the most interesting read I found.,5
1/30/2017 13:23:11,karlaortiz@berkeley.edu,5,5,1,3,5,Not much,N/A
1/30/2017 13:28:03,jwettstein@berkeley.edu,4,3,4,3,5,5,4
1/30/2017 13:31:44,j.sternberg@berkeley.edu,5,4,4,3,2,None,N/A
1/30/2017 13:35:25,willsheu@berkeley.edu,4,4,3,3,5,0,N/A
1/30/2017 13:37:04,jearly@berkeley.edu,4,3,3,4,4,,N/A
1/30/2017 13:44:25,milodarling@berkeley.edu,5,4,5,3,5,All of it,4
1/30/2017 13:58:48,colinwang@berkeley.edu,5,4,5,2,5,skimmed it,2
1/30/2017 14:02:56,thomashli@berkeley.edu,0,0,0,0,0,None,0
1/30/2017 14:15:48,jchen0022@berkeley.edu,5,5,4,3,5,I did not get a chance to read the optional reading,N/A
1/30/2017 14:28:07,calebchuck@berkeley.edu,5,4,5,3,5,All,3
1/30/2017 14:36:24,peijiesim@berkeley.edu,5,4,3,3,5,0,N/A
1/30/2017 14:39:57,rob0726@berkeley.edu,2,2,2,3,4,None,N/A
1/30/2017 14:41:23,scchen@berkeley.edu,4,4,3,4,4,Half,4
1/30/2017 14:45:01,scchen@berkeley.edu,4,4,3,4,4,Half,4
1/30/2017 14:49:16,karlaortiz@berkeley.edu,5,5,5,5,5,All,5
1/30/2017 14:51:13,gwillits@berkeley.edu,5,5,5,5,5,None yet,N/A
1/30/2017 15:01:28,bbo@berkeley.edu,4,4,4,4,4,0,N/A
1/30/2017 15:06:09,ericn@berkeley.edu,5,4,5,3,5,all of it,3
1/30/2017 15:06:43,charles2299@berkeley.edu,3,4,5,3,5,None,N/A
1/30/2017 15:09:55,dkchoi21@berkeley.edu,3,3,4,3,2,Not much,2
1/30/2017 15:16:53,zhongsn@berkeley.edu,2,3,1,4,5,,
1/30/2017 15:21:34,ymattegunta@berkeley.edu,3,3,3,2,3,None,N/A
1/30/2017 15:21:41,raaronsy@berkeley.edu,3,2,0,0,4,,
1/30/2017 15:22:48,parsaf@berkeley.edu,5,,5,,5,I didn't read it.,N/A
1/30/2017 15:23:19,ericzhonghou@berkeley.edu,4,4,5,3,3,The entire article,3
1/30/2017 15:23:34,mister.springroll@berkeley.edu,5,4,5,5,1,I roughly read through the reading.,3
1/30/2017 15:27:16,kchang96@berkeley.edu,5,5,5,4,5,All of it.,5
1/30/2017 15:30:47,cohsieh@berkeley.edu,2,3,3,3,0,None,N/A
1/30/2017 15:30:49,kipkoechlinuss@berkeley.edu,3,4,3,2,5,none,N/A
1/30/2017 15:33:20,mtraganza@berkeley.edu,4,3,0,0,5,couple paragraphs,3
1/30/2017 15:39:05,vincent.escueta22@berkeley.edu,4,5,1,3,5,None,N/A
1/30/2017 15:42:19,sahildoshi@berkeley.edu,3,2,4,4,5,3,2
1/30/2017 15:46:06,patrickgan@berkeley.edu,5,5,5,4,5,None,N/A
1/30/2017 15:47:56,patrickgan@berkeley.edu,5,5,5,4,5,95%,3
1/30/2017 15:50:44,patyang@berkeley.edu,4,2,4,3,5,Halfway,3
1/30/2017 15:52:20,d.prasad@berkeley.edu,3,4,4,4,4,,N/A
1/30/2017 15:53:39,huadianz@berkeley.edu,5,5,5,3,5,All of it,3
1/30/2017 15:59:17,annabrewer@berkeley.edu,5,4,5,3,5,all of it,3
1/30/2017 16:10:27,kevinji@berkeley.edu,4,3,2,2,5,,
1/30/2017 16:10:53,karmax@berkeley.edu,3,3,3,3,3,,4
1/30/2017 16:11:49,akeyal@berkeley.edu,3,4,3,4,5,,N/A
1/30/2017 16:11:52,iakopatran@berkeley.edu,3,2,2,2,4,None,0
1/30/2017 16:17:00,ruvan@berkeley.edu,5,4,5,4,4,None,N/A
1/30/2017 16:46:31,peterzyuan@berkeley.edu,4,3,3,2,4,,2
1/30/2017 16:47:54,danielchoi119@berkeley.edu,2,2,0,0,0,,1
1/30/2017 16:49:09,parham_1987@berkeley.edu,4,4,2,3,0,None,N/A
1/30/2017 17:13:48,calvinyu@berkeley.edu,4,4,4,4,4,,4
1/30/2017 17:13:54,afmdnf@berkeley.edu,4,2,5,4,3,,
1/30/2017 17:13:58,echou35@berkeley.edu,4,3,3,1,5,Some of it,3
1/30/2017 17:16:55,young.guo@berkeley.edu,5,4,5,4,5,,N/A
1/30/2017 17:17:32,shayan.askarian@berkeley.edu,3,2,3,3,0,,0
1/30/2017 18:09:41,rohamghotbi@berkeley.edu,0,0,0,0,0,,N/A
1/30/2017 18:10:02,janani.mohan@berkeley.edu,5,2,5,4,5,2,N/A
1/30/2017 18:21:38,sarahabdeshahian@berkeley.edu,5,4,5,5,5,All,5
1/30/2017 20:09:41,patrick.kapsch@berkeley.edu,4,3,2,4,5,,N/A
1/30/2017 20:48:34,nick.bajaj@berkeley.edu,5,2,5,1,5,,N/A
1/30/2017 21:46:47,peterwg@berkeley.edu,4,3,4,5,3,10%,2
1/30/2017 22:04:49,smgirkar@berkeley.edu,3,3,4,3,5,A bit!,3
1/30/2017 22:30:14,yhan@berkeley.edu,4,5,3,4,5,3,4
1/31/2017 0:00:10,jkgurung@berkeley.edu,5,5,5,5,4,,N/A
1/31/2017 1:12:34,chen.christine17@berkeley.edu,3,4,2,3,3,0,N/A
1/31/2017 9:49:47,nguyenmegan@berkeley.edu,3,4,5,5,5,All of it,2
1/31/2017 10:24:46,patyang@berkeley.edu,4,3,3,3,5,Half,4
1/31/2017 11:20:09,karmax@berkeley.edu,4,3,4,3,4,,4
1/31/2017 15:00:17,peterzyuan@berkeley.edu,4,5,3,2,3,,N/A
1/31/2017 15:19:21,dustin.meinecke@berkeley.edu,5,4,5,3,5,In totality ( it was short),4
1/31/2017 15:32:27,raulpuric@berkeley.edu,2,3,5,2,4,None,0
1/31/2017 17:49:39,rgoy@berkeley.edu,2,3,3,3,5,just skimmed,5
1/31/2017 21:20:01,jsx1219@berkeley.edu,5,2,5,3,5,None.,N/A
1/31/2017 22:11:10,nlinn@berkeley.edu,4,3,3,4,2,,N/A
1/31/2017 22:22:55,kkranen@berkeley.edu,5,5,5,5,5,5,5
2/1/2017 1:06:23,crystalzyan@berkeley.edu,3,2,3,4,5,The article,4
2/1/2017 3:09:32,david.macias@berkeley.edu,5,4,3,2,5,"All of it , it also helps that I saw the banning of r fatpeoplehate live as well",4
2/1/2017 8:55:29,ldang@berkeley.edu,5,4,4,3,3,none,N/A
2/1/2017 17:07:16,nathaniel.parke@berkeley.edu,4,4,2,3,5,,4
2/1/2017 21:58:21,hubertj@berkeley.edu,0,0,0,0,0,"Sorry, I just joined the class recently so I haven't done any readings yet.",0
2/2/2017 15:22:26,ben.gee@berkeley.edu,4,3,4,2,1,,N/A
2/2/2017 17:08:04,graham_hughes@berkeley.edu,5,3,5,4,4,0,N/A
2/3/2017 7:03:37,aria.rostami@berkeley.edu,2,1,3,2,4,Not that much,N/A
2/3/2017 12:10:53,virajmahesh@berkeley.edu,3,4,3,3,3,,
2/4/2017 16:29:40,smgirkar@berkeley.edu,4,4,4,4,5,,
2/5/2017 16:49:58,mister.springroll@berkeley.edu,5,5,5,5,5,I read through the reading.,5
2/5/2017 20:03:57,parham_1987@berkeley.edu,4,4,3,3,4,N/A,N/A
2/5/2017 22:21:51,clementng@berkeley.edu,2,1,2,1,3,n/a,N/A
2/5/2017 22:49:14,cegarraa@berkeley.edu,5,4,0,0,0,,
2/5/2017 23:35:56,zxl-12@berkeley.edu,1,1,1,1,1,,0
2/6/2017 1:38:44,khanhdang1012@berkeley.edu,4,4,3,4,5,I read the full text,3
2/6/2017 10:46:29,justinlu@berkeley.edu,0,0,0,0,2,,
2/6/2017 11:01:16,dkumar11@berkeley.edu,0,0,0,0,0,Didn't know about the readings ,N/A
2/6/2017 11:31:49,rherrera@berkeley.edu,1,2,2,4,0,I dont want to answer,3
2/6/2017 11:46:13,gitav@berkeley.edu,3,4,2,3,5,none,N/A
2/6/2017 12:18:10,fadifrancis@berkeley.edu,5,5,5,5,5,some,4
2/6/2017 12:19:01,manoj.adhikari@berkeley.edu,0,0,0,0,0,"This is my first day of class, so i wasn't aware of the reading but I will make sure to read going forward.",0
2/6/2017 13:08:58,yujie.huang@berkeley.edu,4,4,4,4,5,,3
2/6/2017 14:46:00,t.cal@berkeley.edu,5,5,5,5,5,,0
2/6/2017 15:40:48,tberhanu@berkeley.edu,2,2,2,2,3,,